# Report,Threat Actor TTP Profile Report
# Subtitle,loader_trickbot.dll.json
# Generated,2026-09-17T03:02:23
# Verdict,medium
# Risk score,48
# Tools,TTP Profiler v1.0.0

# Summary,No parseable API calls found.

# Overview
Field,Value
Source,loader_trickbot.dll.json
Format,cape
SHA-256,b2c3d4e5f6a7b8c9d0e1f2a3b4c5d6e7f8a9b0c1d2e3f4a5b6c7d8e9f0a1b2c3
Machine,cape-vm-win10x64
API calls,0
Processes,2
Persistence mechanisms,3
Indicators,4
Verdict,MEDIUM (48/100)

# Indicators of Compromise
ioc_type,value,source,confidence,context
service,WindowsUpdateSvc,PERS-002,0.90,
registry,HKEY_LOCAL_MACHINE\Software\Microsoft\Windows\CurrentVersion\Run,PERS-001,0.90,
domain,exfil.trickbot-c2.com,gethostbyname,0.80,
ipv4,91.215.85.142,connect,0.80,

# Section: Persistence mechanisms detected
# note,Ordered by timestamp; mapped to MITRE ATT&CK persistence techniques.
Severity,Technique,Name,Source,Evidence,Confidence,Details
critical,PERS-002,Windows Service Installation,behavior,WindowsUpdateSvc,0.85,OpenSCManagerW @ 0.40s; CreateServiceW @ 0.75s; StartServiceW @ 1.10s
high,PERS-001,Registry Run Key Persistence,behavior,HKEY_LOCAL_MACHINE\Software\Microsoft\Windows\CurrentVersion\Run,0.85,RegSetValueExW @ 1.80s; CreateFileW @ 2.15s
medium,PERS-010,Office Application Startup,behavior,HKEY_LOCAL_MACHINE\Software\Microsoft\Windows\CurrentVersion\Run,0.85,RegSetValueExW @ 1.80s; CreateFileW @ 2.15s

# Section: Analysis statistics
Field,Value
Total API calls,0
Processes,2
Duration,0.0s
Categories observed,-

# Section: Indicators of Compromise
Type,Value,Source,Confidence,Context
service,WindowsUpdateSvc,PERS-002,0.90,
registry,HKEY_LOCAL_MACHINE\Software\Microsoft\Windows\CurrentVersion\Run,PERS-001,0.90,
domain,exfil.trickbot-c2.com,gethostbyname,0.80,
ipv4,91.215.85.142,connect,0.80,
